{
    "Animated": {
        "gray": {
            "mean": [
                122.59460493266054,
                122.59460493266054,
                122.59460493266054
            ],
            "std": [
                74.79265562265948,
                74.79265562265948,
                74.79265562265948
            ],
            "var": [
                5593.941335089738,
                5593.941335089738,
                5593.941335089738
            ],
            "min": [
                0,
                0,
                0
            ],
            "max": [
                255,
                255,
                255
            ]
        }
    }
}