{
    "Animated": {
        "gray": {
            "arithmetic_mean": [
                122.59460493265686,
                122.59460493265686,
                122.59460493265686
            ],
            "geometric_mean": [
                81.6003212979304,
                81.6003212979304,
                81.6003212979304
            ],
            "harmonic_mean": [
                15.75475551722888,
                15.75475551722888,
                15.75475551722888
            ],
            "std": [
                74.79265562266042,
                74.79265562266042,
                74.79265562266042
            ],
            "var": [
                5593.941335089877,
                5593.941335089877,
                5593.941335089877
            ],
            "min": [
                0,
                0,
                0
            ],
            "max": [
                255,
                255,
                255
            ]
        },
        "lab": {
            "arithmetic_mean": [
                130.4574621240084,
                128.67242541640593,
                134.88276723604454
            ],
            "geometric_mean": [
                85.3790185704591,
                128.28218390439028,
                133.34007145824447
            ],
            "harmonic_mean": [
                15.214803601144306,
                126.77742670407065,
                130.5967601559958
            ],
            "std": [
                77.46096505049226,
                18.634545815722724,
                25.779238177908557
            ],
            "var": [
                6000.2011065535835,
                347.24629775826924,
                664.5691210333381
            ],
            "min": [
                0,
                0,
                0
            ],
            "max": [
                255,
                255,
                255
            ]
        }
    }
}